{
    "BINARIES": {
        "external_app": "932201a2e67738c61523309933d6f978",
        "greio_data_test": "4dddb5498ce54e2d73611694a7663650",
        "greio_nonblock_test": "97b9b5271fb41fdeb7b5c23bad5e4bcd",
        "gstreamer-backend": "4d570c4ddcea685085187ee76ae4aa6f",
        "iogen": "9ece3d3f4dfc981dd216adbd638f571b",
        "iorcv": "d289c070ebec59f25498c74ce835f5cb",
        "playback": "7f8a8881cde7c95c9c3050c46438715a",
        "sbengine": "c39c3a5a9c1fe4fdf33265ff7c54d2b2",
        "sblua": "e0e1f8d3d66c88ff78c67d4f0ace321d",
        "sbluac": "e54f538f10f780d94f96f46a6f5bc69c",
        "ssg_dump": "f98cbe19e6e87d870b67e9117df1f39f"
    },
    "MODEL_METRICS": {
        "action_size": 32,
        "animation_size": 48,
        "animation_step_size": 64,
        "application_size": 224,
        "control_size": 208,
        "data_manager": 16,
        "data_variable_size": 16,
        "group_size": 216,
        "layer_instance_size": 184,
        "layer_size": 112,
        "render_extension_size": 64,
        "screen_size": 64,
        "scrolled_size": 136,
        "table_size": 304
    },
    "PLUGINS": {
        "animation": "61712334983f644bf80c4885489cae6c",
        "audio": "334ce82a9e9181c3876b418df16518e8",
        "browser": "5e8ae2f13c295a845ab46f9028d39452",
        "canvas": "dfb9292d8fc8391b8d8b8c165216ceda",
        "capture-playback": "97b98f9f515af3a304e82b8ced89411e",
        "ccallback": "78779b59c5d5ad95c82a126de70ec26b",
        "circle": "89ed795045e5d2ae3ff852a9bded65fa",
        "dev-input": "3772e665c06ecbb282e87dd5d1a46c29",
        "effects-3d": "be814f8e61a56134fe5b60d60c174344",
        "event-redirect": "dd087b021a248abbbc63a6564a7ae5ab",
        "ffmpeg": "6db7cae046257de355928c239c6996e0",
        "freetype": "ef4aa4cc79d17f3558d294b3ca10a1cb",
        "gesture": "5147d2d571a552c738125c6c934b847d",
        "gradient": "c9753922631eb0f118fac5bd265caa97",
        "greio": "48fdac1137e205bbc2615a0dbf9852f3",
        "harfbuzz": "f057bd8a11b1e75846b626790101f2e7",
        "logger": "1b32fe6edf35177cde4a4468d8dd6b81",
        "lua": "fb26c97c018881d5832ab282ad3740cd",
        "luagredom": "ca83f604b085126e451a8440025d0510",
        "math-expression": "724719f0c0fbd3474ee23641a302b6c7",
        "media": "7c0616acbd26c8026582c6df26792354",
        "metrics": "a7eb02f018dd590200da8efb257f8162",
        "model3d": "8af1c20ea6f4b23a3d41786c65b110d5",
        "mtdev": "17d7b2472ce95fa4ab278a22074f91e3",
        "opengles_2": "bdc13a2396adf422750d81e96bf895e2",
        "poly": "c2dfa4328d08bd2309371caf607c2258",
        "rext-external": "1392a842d7393b0ec522a5e307dca59d",
        "rtext": "2880b8b2bb05614dd207eba324fa9ce6",
        "sbimage-png": "dc63a4d3c4d760878e1ea23cf0b98185",
        "sbimage-soil": "cc4d9de4d1f24787c9d6f2238534318f",
        "sbimage-svg": "3dfa03fc2d520109522c56eeb03a26c8",
        "sbp-reader": "bd314c8393a2981801a47a36c836d86a",
        "screen-3d": "32fd882d9e5a712cf3fc0b1b41ecac5f",
        "screen-drag": "c8d5afb325f8b1965eac0be6314b98a3",
        "screen-dump": "9cd21bdec3ad84a0498eefc6149476be",
        "screen-dump-test": "e63979fba11571f8e88200bbc9d38d65",
        "screen-fade": "b83dd6e7a18adb0a47ac5f17755b2ffb",
        "screen-path": "f06d7bc620a2b2884aad420665c8dabf",
        "screen-rotate": "5a50554036267f3a993d40fe5693c40f",
        "screen-scale": "f114616249dd00de49641735d9189a5c",
        "selftest": "792d50fc411dd9412785f1a8f29f2f8e",
        "system": "c77734de95b55247d6aec8d07245297d",
        "timer": "2dab9ee1c7da6348ad28d32a288d30cf",
        "trace": "3299b8a4321f5811d146688f350113ec",
        "tslib": "3c717425271e826595be88a801354aaa"
    },
    "RUNTIME": {
        "branch": "7.0",
        "cpu": "armle",
        "extras": "",
        "name": "linux-imx8yocto-armle-opengles_2.0",
        "os": "linux",
        "renderer": "opengles_2.0",
        "revision": "40118",
        "toolchain": "imx8yocto"
    }
}